direction,top_pfam_name,gene_count
Up,7tm_1,97
Up,Pkinase,82
Up,Ank_2,61
Up,zf-H2C2_2,52
Up,MFS_1,45
Up,PK_Tyr_Ser-Thr,42
Up,RVT_1,37
Up,fn3,35
Up,p450,35
Up,Ras,29
Up,C2,26
Up,PDZ,25
Up,ANF_receptor,23
Up,Ig_3,21
Up,Ion_trans,20
Up,LRR_8,20
Up,Beta-prop_WDR5,19
Up,BTB,19
Up,Lectin_C,18
Up,RRM_1,18
Up,RabGAP-TBC,18
Up,Y_phosphatase,18
Up,Neur_chan_LBD,17
Up,adh_short,16
Up,SNF,16
Up,CUB,16
Up,Ldl_recept_a,16
Up,DEAD,15
Up,ABC_tran,15
Up,Lig_chan,14
Up,Spectrin,14
Up,Mito_carr,14
Up,Cadherin,14
Up,BIR,13
Up,Helicase_C,13
Up,EF-hand_7,12
Up,7TM_GPCR_Srw,12
Up,Neur_chan_memb,12
Up,VWA,12
Up,Guanylate_cyc,12
Up,zf-B_box,12
Up,Myosin_head,12
Up,Collagen,12
Up,AA_permease_2,11
Up,DnaJ,11
Up,COesterase,11
Up,CH,11
Up,Beta-prop_THOC3,11
Up,Adaptin_N,10
Up,MIB_HERC2,10
Up,Oxysterol_BP,10
Up,Tetraspanin,10
Up,Laminin_G_2,10
Up,UCH,10
Up,I-set,10
Up,RhoGAP,10
Up,FERM_M,10
Up,Homeodomain,10
Up,Sugar_tr,9
Up,BACK,9
Up,UQ_con,9
Up,Fibrinogen_C,9
Up,7tm_2,9
Up,HMG_box,9
Up,Glyco_hydro_20,9
Up,LRR_14,9
Up,RhoGEF,9
Up,Peptidase_S10,9
Up,PH,9
Up,zf-C4,9
Up,Thioredoxin,8
Up,HSP70,8
Up,AMP-binding,8
Up,Cpn60_TCP1,8
Up,C1_1,8
Up,Aldedh,8
Up,Beta-prop_WDR3_1st,8
Up,ABC_membrane,8
Up,SNF2-rel_dom,8
Up,Hormone_recep,8
Up,Fz,8
Up,Lig_chan-Glu_bd,8
Up,WD40_RLD,8
Up,F5_F8_type_C_2,7
Up,EMP70,7
Up,GTP_EFTU,7
Up,ASC,7
Up,Glyco_transf_92,7
Up,Trypsin,7
Up,Glyco_hydro_38N,7
Up,Kinesin,7
Up,Arrestin_N,7
Up,Metallophos,7
Up,Sushi,7
Up,Ephrin_rec_like,7
Up,ThiF,7
Up,AAA,7
Up,UNC-93,7
Up,LicD,7
Up,Abhydrolase_3,7
Up,WW,7
Up,ABC2_membrane_3,7
Up,DUF229,7
Up,WD40_Prp19,7
Up,TUDOR,7
Up,EGF_CA,7
Up,LIM,7
Up,Glycos_transf_2,7
Up,Exo_endo_phos_2,7
Up,CIMR,7
Up,Macro,7
Up,Aminotran_3,6
Up,ubiquitin,6
Up,tRNA-synt_1,6
Up,SH3_1,6
Up,Vinculin,6
Up,Pyr_redox_2,6
Up,Acyl-CoA_dh_N,6
Up,PARP,6
Up,Astacin,6
Up,Carboxyl_trans,6
Up,TSP1_ADAMTS,6
Up,An_peroxidase,6
Up,Kelch_KLHDC2_KLHL20_DRC7,6
Up,Sulfotransfer_1,6
Up,DAO,6
Up,Usp,6
Up,Beta-lactamase,6
Up,Sulfatase,6
Up,Peptidase_M10,6
Up,Innexin,6
Up,IBR,6
Up,Aminotran_1_2,6
Up,PP2C,6
Up,7tm_3,6
Up,SH2,6
Up,DHHC,6
Up,RasGEF,6
Up,EGF_TEN,6
Up,HYR,6
Up,Arf,6
Up,SAM_1,6
Up,DUF6451,6
Up,Cation_ATPase,5
Up,Cu_amine_oxid,5
Up,Tubulin,5
Up,TPR_12,5
Up,Filament,5
Up,PID,5
Up,Peptidase_M1,5
Up,Cullin,5
Up,ATP-gua_PtransN,5
Up,Beta-prop_IFT122_1st,5
Up,Aa_trans,5
Up,Myotub-related,5
Up,Galactosyl_T,5
Up,Gelsolin,5
Up,Cation_efflux,5
Up,AIG1,5
Up,Abhydrolase_1,5
Up,PX,5
Up,PAS_11,5
Up,UBA_4,5
Up,HECT,5
Up,Bromodomain,5
Up,zf-C3HC4_3,5
Up,Peptidase_S8,5
Up,Anoctamin,5
Up,HLH,5
Up,DUF8401,5
Up,F-box-like,5
Up,GDP_Man_Dehyd,5
Up,SH3_9,5
Up,Peptidase_M13_N,5
Up,Exo_endo_phos,5
Up,Thiolase_N,5
Up,Peptidase_C14,5
Up,Cu2_monoox_C,5
Up,G-alpha,5
Up,EGF,5
Up,Na_H_Exchanger,5
Up,Zip,5
Up,DUF885,4
Up,NHL,4
Up,CPSase_L_D2,4
Up,Peptidase_C2,4
Up,CNH,4
Up,Alpha-amylase,4
Up,Pyridoxal_deC,4
Up,Adap_comp_sub,4
Up,Peptidase_M2,4
Up,Cys_rich_FGFR,4
Up,Band_7,4
Up,FAD_binding_2,4
Up,MFS_1_like,4
Up,SSF,4
Up,Hydrolase,4
Up,CAP_GLY,4
Up,Carb_anhydrase,4
Up,JAB,4
Up,TRP_2,4
Up,Peptidase_S9,4
Up,Filamin,4
Up,HNOBA,4
Up,HlyIII,4
Up,Carn_acyltransf,4
Up,Claudin_2,4
Up,Laminin_B,4
Up,Nuc_sug_transp,4
Up,Patatin,4
Up,Glyco_hydro_35,4
Up,zf-RING_2,4
Up,DSPc,4
Up,PI3_PI4_kinase,4
Up,IBN_N,4
Up,G_glu_transpept,4
Up,Frizzled,4
Up,Hist_deacetyl,4
Up,ArfGap,4
Up,Glyco_transf_8,4
Up,Ldl_recept_b,4
Up,Forkhead,4
Up,Sulfate_transp,4
Up,zf-MYND,4
Up,Amino_oxidase,4
Up,AA_permease,4
Up,MAM,4
Up,H_lectin,4
Up,ABC2_membrane,4
Up,RBP_receptor,4
Up,Glyco_hydro_18,4
Up,Death,4
Up,dsrm,4
Up,Peptidase_M14,4
Up,A2M_BRD,4
Up,OATP,4
Up,PB1,4
Up,SPRY,4
Up,PLAT,4
Up,PIP5K,4
Up,Serpin,4
Up,adh_short_C2,4
Up,BLTP1_C,4
Up,FAT,4
Up,KH_1,4
Up,CCDC39,4
Up,CBM_14,4
Up,Lactamase_B_6,4
Up,Extensin_1,4
Up,WHD_UBR1,4
Up,UNC80_C,4
Up,YVC1_C,4
Up,cNMP_binding,4
Up,Hydrolase_6,4
Up,VIT,3
Up,HSP90,3
Up,ETX_MTX2,3
Up,GDI,3
Up,PK,3
Up,IF-2B,3
Up,Fasciclin,3
Up,Sema,3
Up,Beta-prop_FAM234A_B,3
Up,Bcl-2,3
Up,Melibiase_2,3
Up,Iso_dh,3
Up,Glyco_hydro_31_2nd,3
Up,B56,3
Up,Gal-bind_lectin,3
Up,tRNA-synt_2b,3
Up,DNA_photolyase,3
Up,RtcB,3
Up,Kringle,3
Up,TPR_16,3
Up,ELH,3
Up,TIR,3
Up,Aconitase,3
Up,E3_UbLigase_R4,3
Up,SapB_2,3
Up,Pur_ac_phosph_N,3
Up,Glyco_hydro_15,3
Up,Scramblase,3
Up,Biopterin_H,3
Up,Ctr,3
Up,EGF_laminin,3
Up,Xan_ur_permease,3
Up,PDEase_I,3
Up,MARVEL,3
Up,E1_dh,3
Up,DAGK_cat,3
Up,Sel1,3
Up,Alpha_L_fucos,3
Up,EMP24_GP25L,3
Up,Copine,3
Up,EH,3
Up,Neuralized,3
Up,Peptidase_M1_N,3
Up,ApeC,3
Up,GMC_oxred_N,3
Up,Glyco_hydro_38C,3
Up,RNB,3
Up,Sec1,3
Up,zf-RING_UBOX,3
Up,FXa_inhibition,3
Up,Proteasome,3
Up,IMPDH,3
Up,Reeler,3
Up,NTP_transferase,3
Up,MoCoBD_1,3
Up,Lysostaphin_N,3
Up,FKBP_C,3
Up,Sulfotransfer_2,3
Up,Beta-prop_ATRN-LZTR1,3
Up,EGF_PEAR1L,3
Up,RAI16-like,3
Up,DUF7043,3
Up,Beta-prop_RSE1_1st,3
Up,CHGN,3
Up,RH1,3
Up,Ndr,3
Up,RHD_DNA_bind,3
Up,Gln-synt_C,3
Up,TSP_1,3
Up,FragX_IP,3
Up,EB,3
Up,MBOAT,3
Up,Glyco_transf_10,3
Up,PWWP,3
Up,Clat_adaptor_s,3
Up,CTLH,3
Up,LRR_FBXL15,3
Up,Nucleoside_tran,3
Up,Hexokinase_2,3
Up,Exo_endo_phos2,3
Up,TNF,3
Up,MIF4G,3
Up,VWC,3
Up,TIR_2,3
Up,Arrestin_C,3
Up,WHD_TANC1,3
Up,hDGE_amylase,3
Up,CEP89,3
Up,Ets,3
Up,SK_channel,3
Up,QVR,3
Up,Dpy19,3
Up,GGACT,3
Up,RNA_pol_Rpb1_1,3
Up,bZIP_2,3
Up,PTR2,3
Up,Vps39_1,3
Up,Tmemb_185A,3
Up,SLC12,3
Up,RINGv,3
Up,IP_trans,3
Up,Alk_phosphatase,3
Up,FH2,3
Up,CTP_transf_like,3
Up,Glyco_transf_64,3
Up,ADP_PFK_GK,3
Up,Strumpellin,3
Up,TPR_IPO5,3
Up,TGF_beta,3
Up,SNARE,3
Up,ARM_ARMC5,3
Up,Cu2_monooxygen,3
Up,GATase,3
Up,NIF,3
Up,tRNA-synt_1g,3
Up,Laminin_N,3
Up,AAA_12,3
Up,Beach,3
Up,Transglut_core,3
Up,MORN,3
Up,PHD,3
Up,Actin,3
Up,Lectin_leg-like,3
Up,Cupin_8,3
Up,zf-CCHH,3
Up,Lipoxygenase,3
Up,Glypican,3
Up,YTH,3
Up,DUF7042,3
Up,PALP,3
Up,Slo-like_RCK,3
Up,C8-3_MUC4,3
Up,Alpha-mann_mid,3
Up,PI4K_N,3
Up,GLTP,3
Up,RasGAP,3
Up,TIG,3
Up,TPR_SYVN1_N,3
Up,DHC_N1,3
Up,PQ-loop,3
Up,rve,3
Up,WDR93,3
Up,ECM29_N,3
Up,TMEM72,3
Up,PA,3
Up,CRAL_TRIO_2,3
Up,CENP-I,3
Up,HCO3_cotransp,3
Up,Retrotran_gag_2,3
Up,RNase_H,3
Up,Amidase,3
Up,Aldo_ket_red,3
Up,DERM,3
Up,APH,3
Up,SDF,3
Up,TPT,3
Up,PI-PLC-X,3
Up,Nucleoporin_N,3
Up,MyTH4,3
Up,RUN,3
Up,ShK,3
Up,Unc5_NetrinR_N,3
Up,Calx-beta,3
Up,TGFb_propeptide,3
Up,BRCT,3
Up,Peptidase_M19,3
Up,VPS13_N,3
Up,PPR_3,3
Up,V_ATPase_I,3
Up,Alpha_kinase,3
Up,PHR,3
Up,Vitellogenin_N,2
Up,PFK,2
Up,ADH_N,2
Up,Fascin,2
Up,Methyltransf_3,2
Up,dNK,2
Up,Septin,2
Up,MRH_ELAPOR1_9th,2
Up,Voltage_CLC,2
Up,Arfaptin,2
Up,Amidohydro_1,2
Up,Asparaginase_2,2
Up,Dymeclin,2
Up,Peptidase_M3,2
Up,Sortilin-Vps10,2
Up,IL17,2
Up,SapB_1,2
Up,BAR,2
Up,Aldolase_II,2
Up,Prot_ATP_ID_OB_C,2
Up,FGGY_N,2
Up,DUF1647,2
Up,TMEM151,2
Up,FA_desaturase,2
Up,SOS1_NGEF_PH,2
Up,PROCN,2
Up,GBD_ELAPOR1-like_3rd,2
Up,SEFIR,2
Up,Dynactin,2
Up,Acyltransferase,2
Up,OTU,2
Up,Sec6,2
Up,Cation_ATPase_C,2
Up,ACOX_C_alpha1,2
Up,Sec23_trunk,2
Up,RPE65,2
Up,Globin,2
Up,Dynamin_M,2
Up,TFIIS_M,2
Up,Annexin,2
Up,FAD_binding_7,2
Up,GDE_C,2
Up,Peptidase_M28,2
Up,ADP_ribosyl_GH,2
Up,Importin_rep_6,2
Up,Kunitz_BPTI,2
Up,Sec5,2
Up,tRNA-synt_1c,2
Up,ATG2_CAD,2
Up,PXA,2
Up,ECH_2,2
Up,Branch,2
Up,LMF1,2
Up,ARM_UBP24_USP9X-Y,2
Up,TRAF_BTBD17,2
Up,TNFR_c6,2
Up,UDPGP,2
Up,Beta-prop_VPS8,2
Up,zf-C2HC,2
Up,NAD_binding_8,2
Up,WHEP-TRS,2
Up,CAF1,2
Up,2-Hacid_dh_C,2
Up,CLPTM1,2
Up,ANTH,2
Up,Syja_N,2
Up,OAR,2
Up,CD36,2
Up,TED_complement,2
Up,Bravo_FIGEY,2
Up,BRE,2
Up,MOSC_N,2
Up,Glyco_transf_7C,2
Up,TRAM_LAG1_CLN8,2
Up,FAD_binding_1,2
Up,MoCF_biosynth,2
Up,InaF-motif,2
Up,TPMT,2
Up,ING,2
Up,GH3,2
Up,Vps26,2
Up,Ig-like_KY,2
Up,ADH_zinc_N,2
Up,Sec63,2
Up,Peptidase_S28,2
Up,FMO-like,2
Up,Vps5,2
Up,HSP20,2
Up,Calreticulin,2
Up,SMC_N,2
Up,Zn_ribbon_CLPX_N,2
Up,PfkB,2
Up,Glycogen_syn,2
Up,Glyco_transf_49,2
Up,Cys_Met_Meta_PP,2
Up,PRKCSH-like,2
Up,IQ,2
Up,PRKCSH,2
Up,Iml2-TPR_39,2
Up,RNA_pol_Rpb1_6,2
Up,Asp_Arg_Hydrox,2
Up,PMT,2
Up,Gaa1,2
Up,XPG_I,2
Up,zf-CCCH_4,2
Up,HMG-CoA_red,2
Up,VHS,2
Up,Ric8,2
Up,2-oxoacid_dh,2
Up,EXS,2
Up,BCAS3_WD40,2
Up,RWD,2
Up,MBD,2
Up,EST1_DNA_bind,2
Up,MATH_2,2
Up,Sec7,2
Up,CTP_synth_N,2
Up,Dynamin_N,2
Up,LCM,2
Up,CTP_transf_1,2
Up,MMR_HSR1,2
Up,zf-HC5HC2H_2,2
Up,ECH_1,2
Up,LRAT,2
Up,GCS,2
Up,RT_RNaseH,2
Up,LBP_BPI_CETP,2
Up,HABP4_PAI-RBP1,2
Up,Gtr1_RagA,2
Up,ENTH,2
Up,TFIID_NTD2,2
Up,Acyl-CoA_dh_1,2
Up,FAD_binding_4,2
Up,Peptidase_C12,2
Up,Nckap1,2
Up,RNA_pol_Rpb1_5,2
Up,POPDC1-3,2
Up,FAD_binding_5,2
Up,Kazal_2,2
Up,BRO1,2
Up,OPA1_C,2
Up,DLIC,2
Up,GOST_TM,2
Up,NYN,2
Up,Fer2_2,2
Up,BK_channel_a,2
Up,FERM_N,2
Up,TPR_IMB1,2
Up,CO_deh_flav_C,2
Up,3Beta_HSD,2
Up,Sterol-sensing,2
Up,Tweety,2
Up,CRAL_TRIO,2
Up,Mob1_phocein,2
Up,LRR_FBXL18,2
Up,L_HMGIC_fpl,2
Up,MoCoBD_2,2
Up,Tmemb_cc2,2
Up,Glyco_hydro_47,2
Up,Glyco_transf_22,2
Up,Metallophos_C,2
Up,SIX1_SD,2
Up,NOD,2
Up,PI3Ka,2
Up,Golgin_A5,2
Up,GATase_6,2
Up,Fructosamin_kin,2
Up,SWIRM,2
Up,Methyltransf_15,2
Up,MBTPS1_4th,2
Up,Mat89Bb,2
Up,PRT6_C,2
Up,SUZ,2
Up,DPPIV_N,2
Up,WASH-4_N,2
Up,RHD_RETREG1-3,2
Up,FYVE,2
Up,USHBP1_PDZ-bd,2
Up,Integrin_beta,2
Up,Exostosin_GT47,2
Up,ZNF704_C,2
Up,DUF4495,2
Up,TIG_2,2
Up,NatA_aux_su,2
Up,TRAPPC10_1st,2
Up,ZSWIM1-3_RNaseH-like,2
Up,Pacs-1,2
Up,PhoLip_ATPase_N,2
Up,NPC1_N,2
Up,PRRT3,2
Up,DHC_N2,2
Up,ZZ,2
Up,V-SNARE,2
Up,SET,2
Up,Myosin_N,2
Up,Ski_Sno_DHD,2
Up,MTPAP-like_central,2
Up,HNOB,2
Up,NAD_binding_4,2
Up,DUF7789,2
Up,SAND,2
Up,Frag1,2
Up,FGE-sulfatase,2
Up,SAMD1_WH,2
Up,SRCR,2
Up,Beta-prop_FBX42,2
Up,Casc1_N,2
Up,Epimerase,2
Up,FHA,2
Up,Intu_longin_1,2
Up,Lipase_3,2
Up,FGGY_C,2
Up,MCRS_N,2
Up,Surp,2
Up,Peptidase_C54,2
Up,Plexin_cytopl,2
Up,MIP,2
Up,PAP2,2
Up,DED,2
Up,Reprolysin_2,2
Up,FAD_binding_3,2
Up,CAP,2
Up,Beta-prop_WDR41,2
Up,Roc,2
Up,Glyco_hydro_59,2
Up,Med12-LCEWAV,2
Up,Methyltransf_11,2
Up,zf-CCCH,2
Up,EAP30,2
Up,GDA1_CD39,2
Up,Ndc1_Nup,2
Up,PLDc_2,2
Up,Beta-TrCP_D,2
Up,RNase_T,2
Up,PBD,2
Up,GRAM,2
Up,PEX11,2
Up,Prp3_C,2
Up,Fringe,2
Up,Ceramidase_alk,2
Up,NatB_MDM20,2
Up,Integrin_A_Ig_1,2
Up,CID,2
Up,bZIP_1,2
Up,Methyltransf_22,2
Up,HEAT_PSME4_mid,2
Up,RNA_pol_Rpb1_2,2
Up,Prenyltrans,2
Up,CoA_trans,2
Up,DUF3591,2
Up,CASP_C,2
Up,VPS9,2
Up,DDE_Tnp_1_7,2
Up,AAA_5,2
Up,Recep_L_domain,2
Up,Laminin_G_1,2
Up,Cofilin_ADF,2
Up,AtuA,2
Up,Myosin_tail_1,2
Up,MVD-like_N,2
Up,PLA2_B,2
Up,MIT,2
Up,STAT_int,2
Up,DENN,2
Up,DUF5917,2
Up,NDK,2
Up,AAA_33,2
Up,Hydrolase_4,2
Up,TAP42,2
Up,Peptidase_A22B,2
Up,OST-HTH,2
Up,DnaJ_C,2
Up,Thioredoxin_7,2
Up,Leo1,2
Up,DUF2152,2
Up,Ins145_P3_rec,2
Up,HEAT_ULK4,2
Up,Glyco_tranf_2_4,2
Up,Tyrosinase,2
Up,COG3_C,2
Up,RME-8_N,2
Up,MH1,2
Up,Reprolysin,2
Up,VPS13_M,2
Up,Hobbit,2
Up,TPR_DOP1,2
Up,Ufd2P_core,2
Up,CCDC47,2
Up,DNA_ligase_A_M,2
Up,PI-PLC-Y,2
Up,CEPT76_peptidase,2
Up,AA_kinase,2
Up,mit_SMPDase,2
Up,PRO8NT,2
Up,IDO,2
Up,Beta-prop_Calicin,2
Up,DUF2045,2
Up,GNT-I,2
Up,HR1_TOCA,2
Up,T-box,2
Up,Methyltransf_31,2
Up,Cyt-b5,2
Up,LIP-1,2
Up,Cadherin_3,2
Up,BLTP3A_B,2
Up,Integrase_p58_C,2
Up,ADK,2
Up,Anoct_dimer,2
Up,Cyclin_N,2
Up,DHR-2_Lobe_A,2
Up,NAD_Gly3P_dh_N,2
Up,Pep_M12B_propep,2
Up,AAA_11,2
Up,BPL_LplA_LipB,2
Up,DHR-2_Lobe_C,2
Up,CBF,2
Up,zf-CCCH_10,2
Up,VWA_2,2
Up,ANAPC10,2
Up,ANAPC4,2
Up,DUF4062,2
Up,REJ,2
Up,Formyl_trans_N,2
Up,DHO_dh,2
Up,zf-C3HC4,2
Up,A2M,2
Up,Aerolysin,2
Up,PH_16,2
Up,Str_synth,2
Up,TMEM154,2
Up,Peroxin-13_N,2
Up,KH_DEAH11,2
Up,CN_hydrolase,2
Up,PLCB1-4-like_EFh,2
Up,BTB_2,2
Up,VWD,1
Up,NGF,1
Up,Insulin,1
Up,TXNDC16_2nd,1
Up,Arginase,1
Up,Ribophorin_I,1
Up,BRICHOS,1
Up,RENR_N,1
Up,APP_N,1
Up,Pyr_redox_3,1
Up,SAM_decarbox,1
Up,MITF_TFEB_C_3_N,1
Up,NAD_binding_5,1
Up,HAT_Syf1_M,1
Up,TPD52,1
Up,eRF1_1,1
Up,Autophagy_act_C,1
Up,GSHPx,1
Up,UBQLN1,1
Up,Peptidase_C1,1
Up,UBL_UBAC1,1
Up,PTPA,1
Up,AAA_9,1
Up,tRNA-synt_2,1
Up,HTTM,1
Up,Chromo,1
Up,Phosphorylase,1
Up,Serinc,1
Up,Endosulfine,1
Up,PIG-S,1
Up,C5-epim_C,1
Up,tRNA-synt_1d,1
Up,LNS2,1
Up,Beta-prop_HPS5,1
Up,Bap31,1
Up,SHNi-TPR,1
Up,Malic_M,1
Up,UFC1,1
Up,Granulin,1
Up,RNF157-like_N,1
Up,Ligase_CoA,1
Up,PEPCK_N,1
Up,BSMAP,1
Up,Glyco_transf_21,1
Up,VHP,1
Up,Citrate_bind,1
Up,PI-PLC_X,1
Up,PIG-U,1
Up,Citrate_synth_N,1
Up,Hat1_N,1
Up,PPR_1,1
Up,S-AdoMet_synt_M,1
Up,TGS,1
Up,Snf7,1
Up,COP9_hel_rpt,1
Up,Rab5-bind,1
Up,NAT,1
Up,P4Ha_N,1
Up,F_actin_cap_B,1
Up,USP7_ICP0_bdg,1
Up,RHD_dimer,1
Up,TspO_MBR,1
Up,TMEM219,1
Up,DNase_II,1
Up,ATP-gua_Ptrans,1
Up,PWI_ABCF3,1
Up,Vps16_N,1
Up,V-ATPase_C,1
Up,PGK,1
Up,M16C_assoc,1
Up,NPC1_MLD,1
Up,Mucin,1
Up,Piwi,1
Up,Tubulin-binding,1
Up,SPRING1,1
Up,ERAP1_C,1
Up,CREPT,1
Up,ARA70,1
Up,Beta-prop_EML,1
Up,Cse1,1
Up,Mo25,1
Up,Sec3_CC,1
Up,MoeA_N,1
Up,Uso1_p115_head,1
Up,Vps36_ESCRT-II,1
Up,DTC,1
Up,NAD_kinase_C,1
Up,FAA_hydrolase_N,1
Up,Fe_hyd_lg_C,1
Up,Arylesterase,1
Up,Rhomboid,1
Up,PTPlike_phytase,1
Up,MTABC_N,1
Up,zf-UBP_var,1
Up,ADAMTS_spacer1,1
Up,IFRD,1
Up,Peptidase_M16,1
Up,Clathrin_H_link,1
Up,LIM_bind,1
Up,Kelch_HCF,1
Up,Tektin,1
Up,APCDDC,1
Up,NOPS,1
Up,Dynactin_p62,1
Up,AI-2E_transport,1
Up,HTH_69,1
Up,Suf,1
Up,ELFV_dehydrog_N,1
Up,DUF2205,1
Up,Synaptobrevin,1
Up,IF-2,1
Up,SH3_10,1
Up,AAA_6,1
Up,Arm_2,1
Up,CC2-LZ,1
Up,P_proprotein,1
Up,SIS,1
Up,DUF3105,1
Up,HEAT_GCN1_2,1
Up,Phospholip_B,1
Up,PROPPIN,1
Up,tRNA_SAD,1
Up,2OG-FeII_Oxy_3,1
Up,Adenylsucc_synt,1
Up,jr-ZPR1,1
Up,TMEM33_Pom33,1
Up,Glycos_transf_3,1
Up,FAM91_N,1
Up,GCFC,1
Up,2TM_P5A-ATPase,1
Up,Med15_N,1
Up,eIF3a_PCI_TPR-like,1
Up,Miga,1
Up,Pribosyltran_N,1
Up,MANEC,1
Up,Translin,1
Up,Porphobil_deam,1
Up,DUF3337,1
Up,EF-hand_6,1
Up,Rep_fac-A_C,1
Up,PH_DUOX,1
Up,Fes1,1
Up,UreD,1
Up,TauD,1
Up,LMBR1,1
Up,XRN_M,1
Up,AdoHcyase,1
Up,Creatinase_N_2,1
Up,Beta-prop_ACSF4,1
Up,BORCS6,1
Up,Peptidase_M48_N,1
Up,Aconitase_C,1
Up,Tho2,1
Up,BD-FAE,1
Up,SAPS,1
Up,HipN,1
Up,PK_C,1
Up,LEM,1
Up,RNA_pol_Rpb2_1,1
Up,cwf21,1
Up,Ala_racemase_N,1
Up,ATG17_like,1
Up,WHD_Egal,1
Up,Not3,1
Up,PCMT,1
Up,Ribonuclease_T2,1
Up,Vps23_core,1
Up,Med25_VWA,1
Up,LLGL,1
Up,MIEAP,1
Up,SWIRM-assoc_2,1
Up,PhyH,1
Up,DUF8221,1
Up,DUF5054,1
Up,GBD_ELAPOR1,1
Up,ARM_TT21_2nd,1
Up,BCDHK_Adom3,1
Up,Hint,1
Up,HATPase_c_3,1
Up,BSD,1
Up,CSN7_HB_subdom,1
Up,LSM14,1
Up,HGSNAT_cat,1
Up,TMEM127,1
Up,Rap_GAP,1
Up,PMI_typeI_C,1
Up,OGFr_N,1
Up,LplA-B_cat,1
Up,GILT,1
Up,SLC35F,1
Up,AKAP7_NLS,1
Up,ARM_TT21_C,1
Up,TMEM87A-B_GOLD,1
Up,Tuberin,1
Up,Ubiquitin_5,1
Up,Sec62,1
Up,FACT-Spt16_Nlob,1
Up,Rad60-SLD_2,1
Up,NRF,1
Up,Glyco_transf_11,1
Up,HGTP_anticodon,1
Up,PhetRS_B1,1
Up,PMSR,1
Up,TPR_MLP1_2,1
Up,Thioredoxin-like_DJC16_2nd,1
Up,GATase_2,1
Up,MACPF,1
Up,PNP_UDP_1,1
Up,PH_RBD,1
Up,DUF747,1
Up,FerB,1
Up,GTP_EFTU_D2,1
Up,NAPRTase,1
Up,SecY,1
Up,FERM_C,1
Up,Ysc84,1
Up,RPN6_N,1
Up,YAF2_RYBP,1
Up,SARAF,1
Up,HSF_DNA-bind,1
Up,Noggin,1
Up,ATG7_N,1
Up,MGA_dom,1
Up,RNA_pol_Rpb2_6,1
Up,Vps52_C,1
Up,TPP_enzyme_C,1
Up,Ribosomal_uS5m_N,1
Up,Es2,1
Up,SRAP,1
Up,CS,1
Up,Macoilin,1
Up,Ezh2_MCSS,1
Up,HEAT_SCC3-SA,1
Up,Myb_Cef,1
Up,UBX,1
Up,JmjC_2,1
Up,GH3_M,1
Up,Ran_BP1,1
Up,zf-UBP,1
Up,PRA1,1
Up,CEP131_C,1
Up,DEK_C,1
Up,PRP1_N,1
Up,ARMH3_C,1
Up,Sdh5,1
Up,FEZ,1
Up,Pro_CA,1
Up,Sec3-PIP2_bind,1
Up,UPF1_Zn_bind,1
Up,OB_RRP5_4th,1
Up,PBC,1
Up,PWI,1
Up,ABC1,1
Up,Thiolase_C_1,1
Up,ST7,1
Up,RM3_Med14,1
Up,CD225,1
Up,Syndecan,1
Up,NUDIX_2,1
Up,LisH_TPL,1
Up,Presenilin,1
Up,UBR4,1
Up,Med15_M,1
Up,NUDE_C,1
Up,M20_dimer,1
Up,MRJP,1
Up,PAN2_N,1
Up,AhpC-TSA,1
Up,CAF1C_H4-bd,1
Up,HEAT_ECM29,1
Up,tRNA_int_endo,1
Up,His_Phos_1,1
Up,BTG,1
Up,Peptidase_S9_N,1
Up,Aquarius_N_1st,1
Up,NAD_binding_2,1
Up,Med7,1
Up,Rabaptin,1
Up,TFIIA,1
Up,Hmw_CFAP97,1
Up,AAA_lid_TANC1,1
Up,Glyco_hydro_2_N,1
Up,PI3K_p85B,1
Up,Pou,1
Up,NDUFV3,1
Up,P34-Arc,1
Up,PTEN_C2,1
Up,Enolase_C,1
Up,STT3,1
Up,D8C_UMOD,1
Up,IFT81_CH,1
Up,Med23,1
Up,MR_MLE_C,1
Up,MGAT2,1
Up,PS_Dcarbxylase,1
Up,OAF_N,1
Up,TPR_CcmH_CycH,1
Up,RRM_11,1
Up,SCAPER_N,1
Up,WWE_3,1
Up,EF-Ts_N,1
Up,AFG1_ATPase,1
Up,Deltameth_res,1
Up,PhoLip_ATPase_C,1
Up,HAT,1
Up,Thioredoxin_6,1
Up,Muskelin_N,1
Up,TMEM214,1
Up,KxDL,1
Up,Tim17,1
Up,FGAR-AT_N,1
Up,cEGF,1
Up,Cation_ATPase_N,1
Up,CDI,1
Up,ALS2CR8,1
Up,HMGL-like,1
Up,AIG2_2,1
Up,AAA_8,1
Up,CLU,1
Up,MMS19_N,1
Up,DUF3504,1
Up,UnbV_ASPIC,1
Up,PHD_5,1
Up,Atthog,1
Up,Rib_mS39_PPR,1
Up,TRAP-delta,1
Up,Peptidase_M20,1
Up,CAP_N,1
Up,CC2D1A-B_DM14,1
Up,zf-HC5HC2H,1
Up,Rrp44_CSD1,1
Up,Ald_Xan_dh_C,1
Up,Acyl_transf_1,1
Up,MFS_5,1
Up,Inhibitor_I29,1
Up,RNase_Zc3h12a,1
Up,Pelota_N,1
Up,FmiP_Thoc5,1
Up,MARF1_LOTUS,1
Up,TPR_TNPO3_IPO13_4th,1
Up,NIBRIN_BRCT_II,1
Up,Peptidase_M24,1
Up,TSP_C,1
Up,GATA,1
Up,FAM177,1
Up,eIF-1a,1
Up,GRDP-like,1
Up,Integrin_A_Ig_3,1
Up,EF-hand_8,1
Up,Glyco_transf_90,1
Up,Sec39,1
Up,E1_DerP2_DerF2,1
Up,ArsA_ATPase,1
Up,Ser_hydrolase,1
Up,Pdase_M17_N2,1
Up,Ig_ILCR1,1
Up,OST48_N,1
Up,C12orf66_like,1
Up,GAS,1
Up,TraB_PrgY_gumN,1
Up,UPF1_1B_dom,1
Up,NAP,1
Up,FNIP_M,1
Up,L27_1,1
Up,UMPH-1,1
Up,UBA_E1_SCCH,1
Up,TMF_DNA_bd,1
Up,DUF4147,1
Up,CUX1_N,1
Up,WHD_HA2,1
Up,Sec8_C,1
Up,AAA_22,1
Up,PMI_typeI_cat,1
Up,Med26,1
Up,LRR_TMOD-LMOD,1
Up,DNA_gyraseB,1
Up,NPR3,1
Up,Tyr-DNA_phospho,1
Up,ABI,1
Up,CCDC90-like,1
Up,HYOU1_C,1
Up,CLIC-like_N,1
Up,Methyltransf_21,1
Up,Zw10_middle,1
Up,CBAH,1
Up,PGAP1,1
Up,COP-gamma_platf,1
Up,CHIP_TPR_N,1
Up,CDP-OH_P_transf,1
Up,FUN14,1
Up,APEH_N,1
Up,ARM_TBCD,1
Up,Man-6-P_recep,1
Up,ATG14,1
Up,Pribosyltran,1
Up,DBINO,1
Up,EFR3_ARM,1
Up,FG-GAP,1
Up,KH_Vigilin,1
Up,ParA,1
Up,MG2,1
Up,Beta-prop_DCAF12,1
Up,SUFU,1
Up,Bestrophin,1
Up,Lyase_1,1
Up,MGH1-like_GH,1
Up,RDD,1
Up,PH_NISCH_C,1
Up,RALGAPA1_N,1
Up,AASDHPPT_N,1
Up,Kri1_C,1
Up,THF_DHG_CYH_C,1
Up,TARSH_C,1
Up,TPR_DOCK9,1
Up,Arg_tRNA_synt_N,1
Up,EF_assoc_2,1
Up,Peptidase_C101,1
Up,CAAP1,1
Up,Talin_middle,1
Up,Y_phosphatase3,1
Up,FAM91_C,1
Up,DNA_pol_A_exo1,1
Up,TMEM106_N,1
Up,RIIa,1
Up,Arm,1
Up,TMEM192,1
Up,INSIG,1
Up,MutS_III,1
Up,Asn_synthase,1
Up,zf-B_box_ZFPL1,1
Up,DUF4773,1
Up,WLS-like_TM,1
Up,Zn_ribbon_RanBP,1
Up,Acyl_transf_3,1
Up,TPR_RNF123,1
Up,Sulfotransfer_3,1
Up,NTPase_I-T,1
Up,Profilin,1
Up,NIDO,1
Up,LsmAD,1
Up,5_nucleotid,1
Up,NTP_transf_7,1
Up,WD40_MABP1-WDR62_1st,1
Up,TMEM144,1
Up,COG4_m,1
Up,Yip1,1
Up,zf-UBR,1
Up,NUDT9_N,1
Up,Asp_protease,1
Up,SART-1,1
Up,Maelstrom,1
Up,BcrAD_BadFG,1
Up,GCV_T,1
Up,PH_PLEKHM2,1
Up,DUF846,1
Up,SPN1_m3Gcap_bd,1
Up,Bromo_TP,1
Up,ARM_TBCD_2nd,1
Up,ETF,1
Up,Ubiquitin_3,1
Up,COR-B,1
Up,SH3_retrovirus,1
Up,TOP_N,1
Up,DIX,1
Up,C1q,1
Up,DUF2428,1
Up,HAP1_N,1
Up,R3H-assoc,1
Up,AMP_deaminase,1
Up,TPR_leprecan,1
Up,Nicastrin,1
Up,ZNF318_helical,1
Up,DUF8357,1
Up,Inositol_P,1
Up,2-oxogl_dehyd_N,1
Up,SWIRM-assoc_1,1
Up,TMEM141,1
Up,SPC25,1
Up,TPR_Sec16,1
Up,PRMT_C,1
Up,GST_C_3,1
Up,Ion_trans_2,1
Up,Selenoprotein_S,1
Up,HAT_Syf1_CNRKL1_N,1
Up,ZER1-like_2nd,1
Up,Claudin_TMEM179-179B,1
Up,MG3,1
Up,COMMD9_HN,1
Up,Gln-synt_N,1
Up,NAMPT_N,1
Up,COX16,1
Up,SOBP,1
Up,ATG9,1
Up,CDC73_N,1
Up,Peptidase_M16_M,1
Up,FA_hydroxylase,1
Up,Phos_pyr_kin,1
Up,Striatin,1
Up,Glyco_hydro_79n,1
Up,PEP_mutase,1
Up,ARGLU,1
Up,HSNSD_N,1
Up,Laa1_Sip1_HTR5,1
Up,Synapsin,1
Up,SBF2,1
Up,Ydr279_N,1
Up,C3orf18_N,1
Up,Spectrin_YLPM1,1
Up,DUF3694,1
Up,Beta-prop_IFT80_2nd,1
Up,Tudor-knot,1
Up,GAT,1
Up,MIP-T3,1
Up,TB,1
Up,AAA_lid_NAV1,1
Up,SRA1,1
Up,WD40_CDC20-Fz,1
Up,DUF3384,1
Up,Thioesterase,1
Up,CAP_C,1
Up,PITH,1
Up,GAIN,1
Up,DDR1-2_DS-like,1
Up,FtsH_ext,1
Up,KCT2,1
Up,ZSWIM3_N,1
Up,FIST_C,1
Up,SNAP,1
Up,MRP-S27,1
Up,Spaetzle,1
Up,SAGA-Tad1,1
Up,ALAD,1
Up,RasGEF_N,1
Up,UEV,1
Up,zf-C3H1,1
Up,BRAP2,1
Up,ANAPC8,1
Up,SFXNs,1
Up,INTS5_N,1
Up,NSRP1_N,1
Up,FAM200-GTF2IRD2-like,1
Up,SLFN_AlbA_2,1
Up,eIF3_p135,1
Up,LNS2_PITM1-3,1
Up,Tmp39,1
Up,Ig_TMEM131L_5,1
Up,Ocnus,1
Up,Ipi1_N,1
Up,TFR_dimer,1
Up,AdoMet_MTase,1
Up,GED,1
Up,EGF_DL_JAG,1
Up,MAGE,1
Up,EIF4E-T,1
Up,MDM1,1
Up,UTP20_N,1
Up,VPS35L_N,1
Up,Myelin_PLP,1
Up,Beta-prop_Aladin,1
Up,CA109-like,1
Up,Ribosomal_L16,1
Up,Htt_C-HEAT,1
Up,Cu_amine_oxidN2,1
Up,UDG,1
Up,Beta-prop_CAF1B_HIR1,1
Up,TROVE,1
Up,INTS5_C,1
Up,Reprolysin_5,1
Up,TFIIB,1
Up,BAH,1
Up,VWA_N,1
Up,QRICH1,1
Up,Transglut_N,1
Up,KIF21A,1
Up,C9orf72-like,1
Up,Cu-oxidase_3,1
Up,HBB,1
Up,PUA_elF2D,1
Up,SPATA2_PUB-like,1
Up,zf-H2C2_5,1
Up,HtrL_YibB,1
Up,ZBED1_RNase-like_helical,1
Up,Spectrin_5,1
Up,LON_substr_bdg,1
Up,Porin_3,1
Up,Tmemb_55A,1
Up,JTB,1
Up,Thioredoxin-like_DJC16_3rd,1
Up,WASH-7_mid,1
Up,TPPII,1
Up,ERG2_Sigma1R,1
Up,LPMO_10,1
Up,TPR_WDR35,1
Up,Exportin-T,1
Up,C2_ITFG1,1
Up,FJX1_middle,1
Up,Med11,1
Up,Integrase_H2C2,1
Up,Gal-3-0_sulfotr,1
Up,PRP38,1
Up,ITI_HC_C,1
Up,BBS1,1
Up,Sulf_transp,1
Up,Cir_N,1
Up,Glyco_hydro_3,1
Up,PPIP5K2_N,1
Up,E3_UBR4_N,1
Up,PseudoU_synth_1,1
Up,7TM_GPCR_Srsx,1
Up,FLYWCH,1
Up,K319L-like_PKD,1
Up,ARM_ECM29,1
Up,HEAT_Maestro_2,1
Up,Ribul_P_3_epim,1
Up,Ig_RIMBP2,1
Up,zf-C6H2,1
Up,DHD,1
Up,5_nucleotid_C,1
Up,Cast,1
Up,Ank_4,1
Up,HEAT_EF3_GNC1,1
Up,Glyco_transf_61,1
Up,RPEL,1
Up,zf-LITAF-like,1
Up,PAPA-1,1
Up,PIG-X,1
Up,NDNF_C,1
Up,TPR_CCP1_N,1
Up,Fuz_longin_1,1
Up,RMC1_N,1
Up,PTB,1
Up,DNA_ligase_A_C,1
Up,PKC_C2,1
Up,CRIC_ras_sig,1
Up,Cornichon,1
Up,YhhN,1
Up,PAT1,1
Up,SMP_LBD,1
Up,DLH,1
Up,CSRNP_N,1
Up,PRDM2_PR,1
Up,SLC3A2_N,1
Up,Kelch_1,1
Up,HTH_psq,1
Up,A_deamin,1
Up,Lipid_desat,1
Up,FMN_red,1
Up,PYC_OADA,1
Up,FTHFS,1
Up,PCM1_C,1
Up,HEAT_PSME4,1
Up,RGS_DHEX,1
Up,TTL,1
Up,WHD_RIOX1,1
Up,IPP-2,1
Up,GST_C_2,1
Up,MIOS_WD40,1
Up,Vps55,1
Up,TPR_DOCK,1
Up,UPA_2,1
Up,PSD13_N,1
Up,Ribo_biogen_C,1
Up,BTB_3,1
Up,EF-hand_1,1
Up,Dor1,1
Up,Ricin_B_lectin,1
Up,DUF4732,1
Up,E1-E2_ATPase,1
Up,TRAF-mep_MATH,1
Up,STX6_10_61_N,1
Up,EP400_N,1
Up,ABC_membrane_2,1
Up,SRF-TF,1
Up,TXNDC16_N,1
Up,PNK3P,1
Up,FAD_SOX,1
Up,UBA_DHX29,1
Up,WAP,1
Up,DNApol_Exo,1
Up,Na_K-ATPase,1
Up,LIG3_BRCT,1
Up,Mg_trans_NIPA,1
Up,E3_UFM1_ligase,1
Up,zf-C2H2_OTU1_C,1
Up,YjbQ,1
Up,GYF,1
Up,SLFN_GTPase-like,1
Up,UPF0004,1
Up,Dishevelled,1
Up,Ion_trans_N,1
Up,Ist1,1
Up,PI3K_C2,1
Up,C2_CAPS,1
Up,FAM76,1
Up,SNX17_FERM_C,1
Up,SH3_KALRN,1
Up,Znf_SCAND3,1
Up,NAD_binding_1,1
Up,bMERB_dom,1
Up,LRR_4,1
Up,Teneurin_ABD,1
Up,MCP-like_PDC_1,1
Up,DUF5600,1
Up,dCache_1,1
Up,TADA2A-like_3rd,1
Up,RNase_PH,1
Up,Ge1_WD40,1
Up,OST48_MD,1
Up,SMCHD1_S5,1
Up,Apc1_MidN,1
Up,RUNDC1,1
Up,EFG_IV,1
Up,CAP-ZIP_m,1
Up,LAMININ_IV_B,1
Up,Ajm-1,1
Up,DNA_pol_B,1
Up,RET_CRD,1
Up,REST_helical,1
Up,ADAMTS_CR_3,1
Up,COG6_N,1
Up,DOCK_N,1
Up,NIPSNAP,1
Up,2OG-FeII_Oxy_2,1
Up,PCNA_N,1
Up,Rav1p_C,1
Up,MutS_I,1
Up,OB_Dis3,1
Up,KH_N4BP1_1st,1
Up,CLASP_N,1
Up,WS_DGAT_cat,1
Up,EFTUD2,1
Up,HEAT_MROH2B_C,1
Up,Prominin,1
Up,Lamp2-like_luminal,1
Up,Choline_kinase,1
Up,TRAPPC-Trs85,1
Up,Utp14,1
Up,SPOC,1
Up,TMEM101,1
Up,U1snRNP70_N,1
Up,tRNA-synt_1_2,1
Up,NBCH_WD40,1
Up,CUPID,1
Up,CENP-S,1
Up,Bax1-I,1
Up,TMEM169,1
Up,FERM_C_FAK1,1
Up,DUF4772,1
Up,HHH_8,1
Up,UNC-79,1
Up,QueC,1
Up,API5,1
Up,CAS_C,1
Up,Cadherin_2,1
Up,FKBP15,1
Up,DUF2046,1
Up,PTPLA,1
Up,GNC1_N,1
Up,Phosphonate-bd,1
Up,MFS_2,1
Up,AAA_23,1
Up,PEPCK_GTP,1
Up,SAP,1
Up,Mon2_C,1
Up,Sgf11,1
Up,GHL10,1
Up,Pept_tRNA_hydro,1
Up,Acyl-CoA_ox_N,1
Up,SAC3_GANP,1
Up,Ariadne,1
Up,GAS2,1
Up,Cyclase,1
Up,IBR_1,1
Up,La,1
Up,AAT,1
Up,Ubiquitin_2,1
Up,SSDP,1
Up,NUFIP1,1
Up,UBA_7,1
Up,3HCDH_N,1
Up,CUE,1
Up,Transket_pyr,1
Up,CCM2_C,1
Up,ELMO_CED12,1
Up,APD1-4_M,1
Up,CNNM,1
Up,TEDC1,1
Up,VPS13_VAB,1
Up,Nucleoprot-TPR,1
Up,UPF0444,1
Up,PIG-F,1
Up,UPF0489,1
Up,BRK,1
Up,ABHD16_N,1
Up,Neurochondrin,1
Up,Voldacs,1
Up,Alpha-2-MRAP_C,1
Up,COG3_N,1
Up,Katanin_con80,1
Up,NKAIN,1
Up,YEATS,1
Up,Gal_mutarotas_2,1
Up,ZFYVE21_C,1
Up,STX17_N,1
Up,BRE1B,1
Up,TPR_Epg5,1
Up,SBSN_GxHH_rpt,1
Up,B9-C2,1
Up,Nup98_GLEBS,1
Up,Amidohydro_2,1
Up,TCR,1
Up,ZSWIM4-8_C,1
Up,FAM219A,1
Up,ASF1_hist_chap,1
Up,HEAT_MROH2B_1st,1
Up,Pkinase_C,1
Up,Sec7-like_HUS,1
Up,Zn_SUZ12,1
Up,GIDE,1
Up,CARD_2,1
Up,MYND_ZMYND11_ZMYD8,1
Up,TSNAXIP1_N,1
Up,WWE,1
Up,INTS15,1
Up,Ig_TMEM131L_4,1
Up,HH_signal,1
Up,FGAR-AT_linker,1
Up,PRMT5_TIM,1
Up,NOMO1-like_2nd,1
Up,VWC2L_2nd,1
Up,DUF3689,1
Up,FAM117,1
Up,BAR_3,1
Up,BIRC6,1
Up,Peptidase_C15,1
Up,Ltn1_1st,1
Up,TMEM145_N,1
Up,C8,1
Up,ECM10,1
Up,CARD,1
Up,KTI12,1
Up,Glyco_trans_2_3,1
Up,LINES_N,1
Up,PHTB1_N,1
Up,PH_8,1
Up,Nbas_N,1
Up,Rmp24-like,1
Up,NfI_DNAbd_pre-N,1
Up,Stn1,1
Up,GBD-like_ZMIZ1_ZMIZ2,1
Up,Thioredoxin_15,1
Up,Beta_helix,1
Up,Hydrolase_like,1
Up,R3H,1
Up,ESCRT-II,1
Up,DDHD,1
Up,Fer2,1
Up,Elongin_A,1
Up,MTA_R1,1
Up,M-inducer_phosp,1
Up,DUF5128,1
Up,ARM_PUB,1
Up,DHR-2_Lobe_B,1
Up,V-set,1
Up,USP8_dimer,1
Up,Vps54_N,1
Up,IFT57,1
Up,Smr,1
Up,XRN_N,1
Up,ARM_TT21_4th,1
Up,Zn_ribbon_TFIIS,1
Up,ZP-N,1
Up,Coprogen_oxidas,1
Up,Beta-prop_WDR35_TULP_N,1
Up,Dus,1
Up,Rotamase,1
Up,TMTC_DUF1736,1
Up,Beta-Casp,1
Up,DCB,1
Up,DOMON,1
Up,Peptidase_M18,1
Up,Solute_trans_a,1
Up,SelP_N,1
Up,CiPC,1
Up,FHA_2,1
Up,P66_CC,1
Up,Ig_TMEM132_5th,1
Up,CHD5,1
Up,CCDC50_N,1
Up,Spindly,1
Up,SYNRG_C,1
Up,SPMAP1-like,1
Up,Peptidase_C48,1
Up,zf-TRAF,1
Up,Redoxin,1
Up,Btz,1
Up,zf-CCCH_3,1
Up,TMEM120A-B,1
Up,Tc-R-P,1
Up,TAF6_C,1
Up,MCD_N,1
Up,PLU-1,1
Up,PROSER3,1
Up,MCLN_ECD,1
Up,Cohesin_HEAT,1
Up,XLF,1
Up,Sortilin_C,1
Up,Biotin_carb_C,1
Up,Cnn_1N,1
Up,Vac14_Fab1_bd,1
Up,FWWh,1
Up,WAC_Acf1_DNA_bd,1
Up,UbiA,1
Up,SPMIP10-like,1
Up,VIR_N,1
Up,WD40_RFWD3,1
Up,ZZ_ADA2,1
Up,Beta-prop_EML_2,1
Up,F420_oxidored,1
Up,GST_N_2,1
Up,DUF1908,1
Up,TMEM237,1
Up,EXOC6_Sec15_N,1
Up,PADR1_N,1
Up,BolA,1
Up,Piezo_THU9_anchor,1
Up,UNC80,1
Up,zf-C3HC3H_KANSL2,1
Up,PDC10_C,1
Up,FIBP,1
Up,Nup192,1
Up,ANAPC3,1
Up,Importin_rep_3,1
Up,TB2_DP1_HVA22,1
Up,NAPRTase_N,1
Up,CEP76-C2,1
Up,SAM_PNT,1
Up,CtaG_Cox11,1
Up,Ig_SMCHD1_4th,1
Up,RPC5,1
Up,PITM1-3,1
Up,PIP49_C,1
Up,WD40_2,1
Up,TRAPPC13_N,1
Up,HEAT_2,1
Up,Seipin,1
Up,Sec7-like_HDS,1
Up,CCDC157_N,1
Up,TPR_INTS8_3,1
Up,SLIDE,1
Up,dsrm_Ferlin,1
Up,ODF2_C,1
Up,Ig_TRAPPC10,1
Up,CNOT1_1st,1
Up,Zw10_N,1
Up,UBA_6,1
Up,GBP,1
Up,TMEM18,1
Up,Vps54,1
Up,Kinesin_assoc,1
Up,XPA_C,1
Up,DSRM_DHX29,1
Up,COPIIcoated_ERV,1
Up,Proteasom_PSMB,1
Up,Acetyltransf_1,1
Up,Aldose_epim,1
Up,MMM1,1
Up,SIKE,1
Up,RB_A,1
Up,RNF220,1
Up,SASA,1
Up,Vps53_N,1
Up,TLE_N,1
Up,Nup88,1
Up,TANGO2,1
Up,APAF1_C,1
Up,Tau95_N,1
Up,UvrD-helicase,1
Up,CCDC138_cc,1
Up,TPR_TEX10,1
Up,Biotin_carb_N,1
Up,PHO4,1
Up,Laminin_G_3,1
Up,START,1
Up,HNH_3,1
Up,gag_pre-integrs,1
Up,Ig_SMCHD1_1st,1
Up,SAP130_C,1
Up,RYDR_ITPR,1
Up,HR1,1
Up,ATP-synt_ab_N,1
Up,GCP_C_terminal,1
Up,Na_Pi_cotrans,1
Up,HA2_C,1
Up,EPL1,1
Up,Acyl-CoA_dh_M,1
Up,COR-A,1
Up,Antistasin,1
Up,APC1_4th,1
Up,SERRATE_Ars2_N,1
Up,SBP56,1
Up,Tmemb_14,1
Up,ATG13,1
Up,NEMP,1
Up,SGT1,1
Up,PET,1
Up,MENTAL,1
Up,HIRA_B,1
Up,Integrin_A_Ig_2,1
Up,DEAD_2,1
Up,TRC8_N,1
Up,AAA_18,1
Up,MYRF_ICA,1
Up,SPIN90_LRD,1
Up,DUF4764,1
Up,TPR,1
Up,MTR4-like_stalk,1
Up,tRNA-synt_2c,1
Up,WHD_SNRNP200,1
Up,THAP,1
Up,Phospholip_A2_2,1
Up,ICMT,1
Up,CEP295NL,1
Up,PDZ_5,1
Up,zinc_ribbon_6,1
Up,ADI,1
Up,Ku_N,1
Up,TPR_Epg5_2,1
Up,HAT_PRP39_N,1
Up,P2X_receptor,1
Up,Flavodoxin_1,1
Up,AIRS,1
Up,GARS_A,1
Up,UPA,1
Up,DAB2P_C,1
Up,Beta-prop_NOL10_N,1
Up,PHAF1,1
Up,Ubiquitin_6,1
Up,Nipped-B_C,1
Up,Lips,1
Up,pKID,1
Up,Abhydro_lipase,1
Up,DUF3736,1
Up,LCAT,1
Up,H1_KCTD8_12_16,1
Up,MBT,1
Up,ADAM_CR,1
Up,PTCB-BRCT,1
Up,RXYLT1_N,1
Up,GDPGP1_N,1
Up,DUF4639,1
Up,Med13_N,1
Up,IML1,1
Up,FAIM1,1
Up,Sad1_UNC,1
Up,TEADIR3,1
Up,CRLF3_N,1
Up,DAG1,1
Up,SKA2,1
Up,PCC_BT,1
Up,AP5B1_middle,1
Up,CC149,1
Up,mTOR_dom,1
Up,Peptidase_M13,1
Up,B-prop_COPA_B_2nd,1
Up,Tmemb_40,1
Up,PI3K_rbd,1
Up,DUF4210,1
Up,RALGAPB_N,1
Up,Ams1-like_1st,1
Up,PCAF_N,1
Up,TEN_YD-shell,1
Up,SQHop_cyclase_C,1
Up,Med25,1
Up,Meis_PKNOX_N,1
Up,A_deaminase_N,1
Up,UVSSA_N,1
Up,IRK,1
Up,Sacchrp_dh_C,1
Up,HOOK,1
Up,G6PD_N,1
Up,DUF4600,1
Up,Pyr_redox_dim,1
Up,ACT_13,1
Up,LRRNT,1
Up,FERM_C1_MyoVII,1
Up,LBP_BPI_CETP_C,1
Up,Methyltransf_32,1
Up,Fibrinogen_BP,1
Up,CC_Bre1,1
Up,HEAT_UNC79_C,1
Up,ANAPC4_WD40,1
Up,Glyco_hydro_56,1
Up,FKRP_N,1
Up,zf-C3HC4_2,1
Up,EFG_III,1
Up,PPTA,1
Up,Ribonuc_red_lgC,1
Up,RMD1-3,1
Up,DUF92,1
Up,KCNQ_channel,1
Up,Peptidase_M8,1
Up,MIR,1
Up,ERO1,1
Up,PH_NF1,1
Up,Fe-ADH,1
Up,ResIII,1
Up,SRP68,1
Up,PAN_1,1
Up,XRCC4,1
Up,POLR1D,1
Up,IML1_N,1
Up,DFF40,1
Up,KN_motif,1
Up,GCD14,1
Up,Nucleolin_bd,1
Up,TRIP4_3rd,1
Up,Leu_zip,1
Up,Peptidase_S26,1
Up,BAT2_N,1
Up,Tudor_4,1
Up,SAS-6_N,1
Up,Polysacc_deac_1,1
Up,Phosphodiest,1
Up,Nucleoporin2,1
Up,cobW,1
Up,PH_MRCK,1
Up,Glyco_tran_10_N,1
Up,DUF1088,1
Up,Guanylate_kin,1
Up,EGF_3,1
Up,Pde4dip,1
Up,HRM,1
Up,Na_Ca_ex,1
Up,PAZ,1
Up,CFAP99_CC,1
Up,PEX-1N,1
Up,DAAF9_N,1
Up,MGAT4_cons,1
Up,AC_N,1
Up,zf-met,1
Up,Cramped_PI3K_like,1
Up,INTS2,1
Up,CADH_Y-type_LIR,1
Up,ARMC9_ARM,1
Up,UBA_HOIP,1
Up,MADF_DNA_bdg,1
Up,2AA_helical,1
Up,LisH_WDR26,1
Up,TMEM135_C_rich,1
Up,Xpo1,1
Up,Beta-prop_TEP1_2nd,1
Up,UDPG_MGDP_dh_N,1
Up,CCDC154,1
Up,PKD_channel,1
Up,VCIP135_N,1
Up,RRM_5,1
Up,Erg28,1
Up,OLF,1
Up,6TM_1st_PGAP2IP,1
Up,YL1,1
Up,HMA,1
Up,Na_Ca_ex_C,1
Up,SCAN,1
Up,zf-TAZ,1
Up,Fumble,1
Up,ADD_ATRX,1
Up,Alg6_Alg8,1
Up,Epg5_N,1
Up,RPA_interact_C,1
Up,LRR_9,1
Up,DAGK_acc,1
Up,ARMT1-like_dom,1
Up,hSac2,1
Up,CCDC61_N,1
Up,Fucose_pyrophosphorylase,1
Up,Thioredoxin_14,1
Up,TEN_NHL,1
Up,Med15_C,1
Up,Tra1_ring,1
Up,EF-hand_3,1
Up,S8_pro-domain,1
Up,Rab11-FIP3,1
Up,Lactamase_B_2,1
Up,HSNSD-CE,1
Up,Guanylate_cyc_2,1
Up,CLEC16A_C,1
Up,Acyl_CoA_thio,1
Up,ODF2_N,1
Up,JAKMIP_CC3,1
Up,SHPRH_helical-1st,1
Up,DUF4371,1
Up,RASSF8-10_RA,1
Up,PTN_MK_C,1
Up,BAHCC1-like_Tudor,1
Up,Choline_transpo,1
Up,Neogenin_C,1
Up,SBF,1
Up,zf-CW,1
Up,TPR_1,1
Up,FAM53,1
Up,RCC1,1
Up,WAVE5_2nd,1
Up,WGR,1
Up,GPR_Gpa2_C,1
Up,BAF250_C,1
Up,PHAT_SMAUG,1
Up,Pan3_CK,1
Up,RXYLT1_C,1
Up,PB_DAAF9,1
Up,Morc6_S5,1
Up,PSI,1
Up,S1_RRP4,1
Up,zf-CCHC_6,1
Up,TM2,1
Up,GKAP,1
Up,DUF3987,1
Up,HEAT_GCN1_C_2,1
Up,JIP_LZII,1
Up,HEAT_DAAF5,1
Up,tRNA_anti-codon,1
Up,Nore1-SARAH,1
Up,WS_DGAT_C,1
Up,PH_MADD_pen,1
Up,TsaD,1
Up,Frem_N,1
Up,PIGA,1
Up,SHPRH_helical-2nd,1
Up,PH_12,1
Up,Biotin_lipoyl,1
Up,RH_dom,1
Up,MgtE,1
Up,Robl_LC7,1
Up,Tmem26,1
Up,IMS,1
Up,Auts2,1
Up,ARMC6_N,1
Up,MOR2-PAG1_mid,1
Up,FPL,1
Up,RUBC_PIKBD,1
Up,BLTP1_M,1
Up,Cornifin,1
Up,DOCK_C-D_N,1
Up,Nt_Gln_amidase,1
Up,Ribosomal_L7Ae,1
Up,KIF1B,1
Up,G2F,1
Up,PPDK_N,1
Up,HHH_XRCC3_RpoA,1
Up,PIF1,1
Up,CH_CAMSAP2_N,1
Up,Ig_NUP210_15th,1
Up,Glyco_transf_7N,1
Up,USH1C_N,1
Up,P5-ATPase,1
Up,LURAP,1
Up,CNDH2_N,1
Up,PMP22_Claudin,1
Up,HEAT_Maestro,1
Up,CCDC138_C,1
Up,He_PIG,1
Up,RA_2,1
Up,ADAM17_MPD,1
Up,PCO_ADO,1
Up,Ig_NUP210_14th,1
Up,GAF,1
Up,TPR_GEMI5,1
Up,IPK,1
Up,ADAM10_Cys-rich,1
Up,RAI1,1
Up,CC_Liprin_beta,1
Up,HisK-N-like,1
Up,Ephrin_CRD,1
Up,zf-POGZ,1
Up,DNA_ligase_IV,1
Up,GAF_2,1
Up,Drf_FH3,1
Up,RYDR_Jsol,1
Up,TRAFD1-XIAF1_ZnF,1
Up,ATP-cone,1
Up,NPHP3_N,1
Up,HTH_Tnp_Tc5,1
Up,Rhodanese,1
Up,Transmemb_17,1
Up,ArgoN,1
Up,7tm_7,1
Up,NopRA1,1
Up,NO_synthase,1
Up,DNA_pol_B_palm,1
Up,AMP-binding_C,1
Up,Frtz,1
Up,NTE_Ploop,1
Up,ABC2_membrane_7,1
Up,Beta-prop_BBS7,1
Up,FAM92,1
Up,TPP_enzyme_N,1
Up,NT-C2,1
Up,CCDC84,1
Up,TRPM2,1
Up,Disintegrin,1
Up,DUF4042,1
Up,KH_9,1
Up,2OG-FeII_Oxy_4,1
Up,WD_LRWD1,1
Up,CLIP1,1
Up,Ccdc27,1
Up,PTHB1_GAE,1
Up,Nucleoporin_C,1
Up,Band_3_cyto,1
Up,HEAT_EF3_N,1
Up,MOR2-PAG1_N,1
Up,Methyltransf_25,1
Up,MIT_C,1
Up,dDENN,1
Up,DIL,1
Up,DUF4456,1
Up,Cbl_N3,1
Up,TPR_11,1
Up,UBA_ARIH2_N,1
Up,APC_r,1
Up,DCX,1
Up,rve_3,1
Up,DP,1
Up,TSP1_spondin,1
Up,NIT,1
Up,THAP4_heme-bd,1
Up,Ubie_methyltran,1
Up,DNA_pol_E_B,1
Up,AKAP9_coil_N,1
Up,GIDA,1
Up,FN-plug_TEN1-4,1
Up,tRNA-synt_1e,1
Up,mRNA_decap_C,1
Up,DUF8415,1
Up,Ribonuc_red_lgN,1
Up,Glyco_hydro81C,1
Up,ERK-JNK_inhib,1
Up,Period_C,1
Up,LANC_like,1
Up,DNA_alkylation,1
Up,ELMO_N,1
Up,SURF1,1
Up,DUF4817,1
Up,Hyccin,1
Up,NXPE4_C,1
Up,vWA_Ro60,1
Up,CpeT,1
Down,Pkinase,15
Down,7tm_1,10
Down,RRM_1,9
Down,p450,9
Down,zf-H2C2_2,9
Down,AIG1,9
Down,RVT_1,8
Down,EGF_CA,8
Down,Dimer_Tnp_hAT,8
Down,Tyrosinase,7
Down,Peptidase_S10,7
Down,Sulfotransfer_1,5
Down,Neur_chan_memb,5
Down,TNF,5
Down,Y_phosphatase,5
Down,VWA,4
Down,Lectin_C,4
Down,PARP,4
Down,7tm_2,4
Down,Ank_2,4
Down,ABC_membrane,4
Down,DEAD,4
Down,Trypsin,4
Down,Ldl_recept_a,4
Down,C2,4
Down,C1q,4
Down,Peptidase_C78,4
Down,HTH_Tnp_4,4
Down,COLFI,3
Down,CH,3
Down,ubiquitin,3
Down,Ras,3
Down,Ribosomal_L7Ae,3
Down,FAM200-ZBED5_RNase-like,3
Down,AAA,3
Down,Fibrinogen_C,3
Down,EF-hand_7,3
Down,MCM,3
Down,DUF229,3
Down,Cupin_8,3
Down,Peptidase_C14,3
Down,DNA_pol_A,3
Down,zf-C3HC4_3,3
Down,Peptidase_M13,3
Down,EGF_TEN,3
Down,HLH,3
Down,Glyco_transf_41,3
Down,Homeodomain,3
Down,PI-PLC-Y,3
Down,Beta-prop_WDR5,3
Down,Dynein_C,3
Down,MFS_1,3
Down,CUB,3
Down,Neur_chan_LBD,3
Down,Exo_endo_phos,3
Down,Choline_transpo,3
Down,Bcl-2,3
Down,MULE,3
Down,TTL,3
Down,Glyco_transf_10,3
Down,Glyco_hydro_59_C,3
Down,RT_RNaseH,3
Down,Glyco_hydro_9,3
Down,Ig_3,2
Down,CAF1A_acidic,2
Down,Calponin,2
Down,SMC_N,2
Down,PRMT_C,2
Down,Fz,2
Down,ASC,2
Down,Actin,2
Down,Haemocyan_bet_s,2
Down,PWI,2
Down,WD40_CDC20-Fz,2
Down,Linker_histone,2
Down,AA_permease_2,2
Down,Ribosomal_S8e,2
Down,Histone,2
Down,HCR,2
Down,Ribosom_S12_S23,2
Down,ERAP1_C,2
Down,Trp_dioxygenase,2
Down,Ribosomal_S3Ae,2
Down,Reeler,2
Down,G-patch,2
Down,Kinesin,2
Down,MutS_V,2
Down,MCM_lid,2
Down,CCDC39,2
Down,Ribosomal_L24e,2
Down,JmjC,2
Down,Profilin,2
Down,Ion_trans,2
Down,SET,2
Down,cEGF,2
Down,HSP70,2
Down,Macro,2
Down,CC_Cfap43,2
Down,RNase_T,2
Down,PDCD7,2
Down,Methyltransf_16,2
Down,PI3_PI4_kinase,2
Down,Peptidase_M2,2
Down,ZSWIM1-3_RNaseH-like,2
Down,LRAT,2
Down,CTE_SPB4,2
Down,Biotin_lipoyl,2
Down,adh_short,2
Down,Aminotran_5,2
Down,BIR,2
Down,PARG_cat_C,2
Down,IF-2,2
Down,Glyco_hydro_31_2nd,2
Down,Beta-prop_THOC3,2
Down,Extensin_1,2
Down,fn3,2
Down,WD40_RLD,2
Down,TSP1_spondin,2
Down,DUF7869,2
Down,MRP-L47,2
Down,PMP22_Claudin,2
Down,LRR_8,2
Down,Glyco_hydro_10,2
Down,KIF9,2
Down,PRDM2_PR,2
Down,Laminin_G_2,2
Down,Ribosomal_L31e,2
Down,ATG17_like,2
Down,ABC_tran,2
Down,DSPc,2
Down,PKD_channel,2
Down,PCSK9_C3,2
Down,E1_DerP2_DerF2,2
Down,Hira,2
Down,Cyclin_N,1
Down,GKAP,1
Down,Pro_isomerase,1
Down,Cnd3,1
Down,Arm_3,1
Down,AAA_lid_TRIP13_C,1
Down,SKA1,1
Down,Borealin,1
Down,Calpain_III,1
Down,Laminin_G_1,1
Down,FAM220,1
Down,Sulfotransfer_3,1
Down,TSP1_ADAMTS,1
Down,RRP12_HEAT,1
Down,RhoGAP,1
Down,DNA_pol_E_B,1
Down,Cu-oxidase_3,1
Down,Cnd1,1
Down,Spindle_Spc25,1
Down,Anillin,1
Down,Ribosomal_S10,1
Down,CLP1_P,1
Down,Mito_fiss_reg,1
Down,Ribosomal_S17_N,1
Down,KA1,1
Down,Ribosomal_L26,1
Down,Ribosomal_L28e,1
Down,MKLP1_Arf_bdg,1
Down,FWWh,1
Down,SBSPON_C,1
Down,Myosin_head,1
Down,Ctf8,1
Down,PK_Tyr_Ser-Thr,1
Down,Sas10,1
Down,Ribosomal_L35Ae,1
Down,Ribosomal_S19e,1
Down,S10_plectin,1
Down,Ribosomal_S13_N,1
Down,Tropomyosin,1
Down,PseudoU_synth_1,1
Down,Ifi-6-16,1
Down,EF-hand_3,1
Down,HMMR_C,1
Down,NUSAP,1
Down,OLF,1
Down,SPOC,1
Down,HEAT_NCAPD3_2,1
Down,GCS,1
Down,Ribosomal_S24e,1
Down,KH_1,1
Down,BRCT_2,1
Down,KIF21A_4th,1
Down,Ribosomal_S3_C,1
Down,SRRM_C,1
Down,FAM101,1
Down,Ribosomal_S25,1
Down,NOV_C,1
Down,I-set,1
Down,CSD,1
Down,ZnF_RZ-type,1
Down,CID,1
Down,CARD_2,1
Down,Ferlin_C,1
Down,TPR_Epg5_C,1
Down,Zn_ribbon_RanBP,1
Down,TK,1
Down,Ribosomal_L32e,1
Down,7TM_GPCR_Srw,1
Down,Ku_C,1
Down,ADAMTS_spacer1,1
Down,VWC2L_2nd,1
Down,GST_N,1
Down,RNA_hel_CTD,1
Down,5-FTHF_cyc-lig,1
Down,EMP70,1
Down,SSF,1
Down,Spindly,1
Down,Ribosomal_L30_N,1
Down,EMG1,1
Down,Ribosomal_L13,1
Down,Endostatin,1
Down,Ribosomal_L16,1
Down,Ribosomal_S7,1
Down,PRP38,1
Down,TUDOR,1
Down,Ribosomal_60s,1
Down,Ig_CFAP47,1
Down,MRJP,1
Down,Ribosomal_S6e,1
Down,Ribosomal_S19,1
Down,Troponin,1
Down,DUSP,1
Down,ORC3_N,1
Down,Ribosomal_L6e,1
Down,RRM_10,1
Down,Ribosomal_L22,1
Down,Ig_NUP210_2nd,1
Down,Myb_Rap1,1
Down,UNC45-central,1
Down,DER1,1
Down,DDE_Tnp_1_7,1
Down,zf-CCCH_PARP12,1
Down,DNA_pol_B,1
Down,40S_SA_C,1
Down,Ribosomal_L11_N,1
Down,FH2,1
Down,bZIP_1,1
Down,Ribosomal_S30,1
Down,RSB_motif,1
Down,Ribosomal_L23eN,1
Down,FMO-like,1
Down,PQ-loop,1
Down,Beta-prop_DCAF4,1
Down,C4,1
Down,Ribosomal_L27e,1
Down,An_peroxidase,1
Down,Ribosomal_L19e_C,1
Down,Ribosomal_L13e,1
Down,Rcat_RNF216,1
Down,FRG1,1
Down,Ribosomal_S8,1
Down,UNC-93,1
Down,Ribosomal_L5_C,1
Down,MBOAT,1
Down,Flavin_Reduct,1
Down,Ribosomal_L44,1
Down,G2F,1
Down,DUF3990,1
Down,DUF4518,1
Down,NAD_binding_8,1
Down,Ribosomal_S13,1
Down,LUC7,1
Down,SAM_1,1
Down,Cu-oxidase_2,1
Down,Ribosomal_L3,1
Down,FANCI_S4,1
Down,Ribosomal_S4e,1
Down,RQC,1
Down,NAC,1
Down,EVE,1
Down,tRNA_synthFbeta,1
Down,DUF389,1
Down,Ribosomal_L1,1
Down,PAP2,1
Down,TRM10_TRM10A,1
Down,TSP_1,1
Down,Nuf2,1
Down,MCD,1
Down,Acyltransferase,1
Down,IRF,1
Down,Adaptin_N,1
Down,Ribosomal_L14e,1
Down,MTBP_C,1
Down,CYHR1_TRAF_C,1
Down,Nucleoporin_C,1
Down,tRNA-synt_1c,1
Down,MORN,1
Down,Ig_mannosidase,1
Down,UTP6_C,1
Down,Reelin_subrepeat-B,1
Down,Pcf11_C,1
Down,Ribosomal_S11,1
Down,Ribosomal_L18,1
Down,Metallophos,1
Down,SCP2,1
Down,Ribosomal_L15e,1
Down,PHAX_RNA-bd,1
Down,Abhydrolase_3,1
Down,PrmC_N,1
Down,A_deamin,1
Down,ABC_membrane_2,1
Down,Ribosomal_L36e,1
Down,DUF4708,1
Down,Fibulin_C,1
Down,Cnd2,1
Down,Spc24,1
Down,Ribosomal_S9,1
Down,Ribosomal_L2_C,1
Down,Cadherin,1
Down,Anoctamin,1
Down,VWC,1
Down,Cep192_D7,1
Down,RIG-I_C-RD,1
Down,DHDPS,1
Down,tRNA-synt_1e,1
Down,Ribosomal_L5e,1
Down,MATH_2,1
Down,SPARC_Ca_bdg,1
Down,SH3_9,1
Down,Ribosomal_L18A,1
Down,Yip1,1
Down,SASH1_Homeodomain,1
Down,CEP104_ZnF,1
Down,TADA2A-like_3rd,1
Down,Rsm22,1
Down,C5-epim_C,1
Down,MIEAP,1
Down,HTH_40,1
Down,XRCC1_N,1
Down,RGS,1
Down,Beta-prop_FBX42,1
Down,FAM200-GTF2IRD2-like,1
Down,Peptidase_M41,1
Down,ClpB_D2-small,1
Down,Myosin_tail_1,1
Down,SF3b1,1
Down,MSS51_C,1
Down,CENP-C_C,1
Down,TOP6A-Spo11_Toprim,1
Down,Amino_oxidase,1
Down,Adap_comp_sub,1
Down,ZNF804A_beta,1
Down,HmpF,1
Down,Filament,1
Down,Cyclin_C_2,1
Down,zf-Tim10_DDP,1
Down,cNMP_binding,1
Down,HORMA,1
Down,Aminotran_1_2,1
Down,Ribosomal_L21e,1
Down,FMN_red,1
Down,KH-I_KHDC4-BBP,1
Down,SLX1_C,1
Down,Zn_ribbon_3CxxC_2,1
Down,Ribosomal_S4,1
Down,FYRN,1
Down,DRY_EERY,1
Down,RasGAP_C,1
Down,NDK,1
Down,Innexin,1
Down,Beta-prop_CAF1B_HIR1,1
Down,SIR2,1
Down,CCDC84,1
Down,Ribosomal_S27e,1
Down,FANCF,1
Down,Sod_Cu,1
Down,MCM_bind,1
Down,DUF4147,1
Down,Ribosomal_L37ae,1
Down,RADX,1
Down,UbiA,1
Down,SR-25,1
Down,Claudin_2,1
Down,CPSF_A,1
Down,cobW,1
Down,AMP-binding_C,1
Down,Ribosomal_L6,1
Down,DUF155,1
Down,LIX1,1
Down,Methyltransf_11,1
Down,Zwilch,1
Down,Ala_racemase_N,1
Down,Sld5,1
Down,WHD_POLR3C,1
Down,DDE_Tnp_IS1595,1
Down,START,1
Down,Ten1_2,1
Down,Dus,1
Down,RNA_pol,1
Down,Caveolin,1
Down,zf-RING_16,1
Down,tRNA-synt_2c,1
Down,DDE_Tnp_4,1
Down,FAD_binding_1,1
Down,Acetyltransf_1,1
Down,Maf,1
Down,NARG2_C,1
Down,Ribosomal_L32p,1
Down,Methyltransf_3,1
Down,Androglobin_V,1
Down,Helicase_C,1
Down,MnmE_helical,1
Down,UCH,1
Down,DUF5522,1
Down,LRRC43_N,1
Down,XK-related,1
Down,Flavoprotein,1
Down,CLIP1_ZNF,1
Down,SH3_15,1
Down,YhhN,1
Down,Peptidase_C2,1
Down,Nuc_deoxyri_tr2,1
Down,EPSTI1,1
Down,Kunitz_BPTI,1
Down,STAS,1
Down,AVEN,1
Down,Thymidylat_synt,1
Down,TPR_12,1
Down,SpoU_methylase,1
Down,Glutaredoxin,1
Down,SMN_Tudor,1
Down,Rad51,1
Down,PIH1_CS,1
Down,WW_TCERG1,1
Down,WHD_BLACT,1
Down,FANCG_N,1
Down,HAUS5,1
Down,NUDIX_4,1
Down,Ribosomal_L29,1
Down,TIR_2,1
Down,PALB2_WD40,1
Down,MVP_shoulder,1
Down,SPATA48,1
Down,BRCT_3,1
Down,DCAF17,1
Down,DAAF9_2,1
Down,Ssl1,1
Down,MT-A70,1
Down,FOP_dimer,1
Down,Med4,1
Down,CEPT76_peptidase,1
Down,GATase_7,1
Down,ADP_ribosyl_GH,1
Down,LIG3_BRCT,1
Down,PAC3,1
Down,SAE2,1
Down,HEAT_2,1
Down,LSDAT_euk,1
Down,zf-H2C2_5,1
Down,PRORP,1
Down,HECT_2,1
Down,PHD_Pygo,1
Down,DUF5586,1
Down,A_deaminase,1
Down,Syntrophin_4th,1
Down,QVR,1
Down,Zn_ribbon_RPAB4,1
Down,NUDIX,1
Down,Ribosomal_S17e,1
Down,SLX9,1
Down,LLPH,1
Down,ACAD9-ACADV_C,1
Down,FSH1,1
Down,Acyl-CoA_dh_1,1
Down,DUF7044,1
Down,MAPEG,1
Down,DUF8357,1
Down,Carb_anhydrase,1
Down,Nucleos_tra2_C,1
Down,Cmc1,1
Down,Aldedh,1
Down,TRC8_N,1
Down,rve,1
Down,DUF4487,1
Down,FPN1,1
Down,IgGFc_binding,1
Down,SGL,1
Down,MIS13,1
Down,CBM_14,1
Down,Peptidase_M10,1
Down,CH_2,1
Down,CX9C,1
Down,Acylphosphatase,1
Down,zf-POGZ,1
Down,ERCC4,1
Down,SLC35F,1
Down,WDR55,1
Down,3HCDH_N,1
Down,DUF4503,1
Down,TGF_beta,1
Down,TRM13,1
Down,Per1,1
Down,SNF2-rel_dom,1
Down,SAD_SRA,1
Down,ERG4_ERG24,1
Down,Ribosomal_L14,1
Down,BTB_2,1
Down,DDE_1,1
Down,SOAR,1
Down,IU_nuc_hydro,1
Down,BROMI_C,1
Down,NPHP4_C2_3rd,1
Down,DUF5524,1
Down,PrmA,1
Down,Meckelin,1
Down,PDZ,1
Down,Amidohydro_1,1
Down,UDPGT,1
Down,G_glu_transpept,1
Down,TsaD,1
Down,Integrase_p58_C,1
Down,AAA_9,1
Down,IMS,1
Down,Phospholip_A2_1,1
Down,zf-RING_5,1
Down,CERK_C,1
Down,CAP_GLY,1
Down,CENP-X,1
Down,Ndc80_HEC,1
Down,EGF,1
Down,dsrm,1
Down,WHD_Cdc6,1
Down,Frtz,1
Down,WD40_MABP1-WDR62_2nd,1
Down,OCD_Mu_crystall,1
Down,Dynamin_N,1
Down,DNA_primase_lrg,1
Down,NXPE4_C,1
Down,CD225,1
Down,tRNA-synt_2,1
Down,Beta-prop_LRRK2,1
Down,Tctex-1,1
Down,RPC3_helical,1
Down,CNH,1
Down,Arrestin_C,1
Down,Glyco_hydro_2_N2,1
Down,Beta-prop_WDR3_1st,1
Down,NAD_binding_10,1
Down,PIG-H,1
Down,TPX2_importin,1
Down,GCFC,1
Down,Asparaginase_2,1
Down,HTH_animal,1
Down,GKRP_SIS_N,1
Down,NBCH_WD40,1
Down,ARID,1
Down,ADH_zinc_N_2,1
Down,Rubredoxin_C,1
Down,Pecanex_C,1
Down,RAD51_interact,1
Down,Rep_fac-A_3,1
Down,CFAP141,1
Down,HC2,1
Down,MoCoBD_2,1
Down,TAF1_subA,1
Down,TPMT,1
Down,Ribosomal_L34e,1
Down,Glyco_hydro_65m,1
Down,CFAP95,1
Down,AAA_34,1
Down,FAM221,1
Down,RBM48_helical,1
Down,TPR_RPAP1,1
Down,Ubiquitin_RHG40_C,1
Down,Sad1_UNC,1
Down,PfkB,1
Down,Zn_ribbon_RPB9,1
Down,AP5B1_middle,1
Down,BTB,1
Down,Zn_ribbon_SprT,1
Down,Ribosomal_L37e,1
Down,SHQ1,1
Down,Nnf1,1
Down,Nop53,1
Down,DAO,1
Down,Glyco_tran_28_C,1
Down,Dpy-30,1
Down,DUF4704,1
Down,WHD_TBPIP,1
Down,H_lectin,1
Down,zf-RING_2,1
Down,CFAP68,1
Down,Glyco_transf_92,1
Down,VWD,1
Down,ARM_KNTC1_3rd,1
Down,Galactosyl_T,1
Down,NtA,1
Down,Mid2,1
Down,HAUS4,1
Down,PapD-like,1
Down,GDPD,1
Down,DeoC,1
Down,CD36,1
Down,DUF4505,1
Down,Methyltransf_28,1
Down,NAD_binding_1,1
Down,Gln-synt_C,1
Down,INTS7_C,1
Down,FJX1_middle,1
Down,MAP65_ASE1,1
Down,PhyH,1
Down,PqqF-like_C_4,1
Down,Antistasin,1
Down,FXa_inhibition,1
Down,Sugar_tr,1
Down,PHR,1
Down,zf-4CXXC_R1,1
Down,Mutator,1
Down,Usp,1
Down,Annexin,1
Down,MOSC,1
Down,FAM194,1
Down,R1_ABCA1,1
Down,Sulfotransfer_2,1
Down,HECT,1
Down,Methyltransf_12,1
Down,Guanylate_cyc,1
Down,Peptidase_M14,1
Down,IPK,1
Down,TPR_1,1
Down,Radical_SAM,1
Down,Integrase_H2C2,1
Down,F5_F8_type_C_2,1
Down,Ricin_B_lectin,1
Down,DUF4686,1
Down,DUF842,1
Down,CAP,1
